{
  "train_loss": [
    3.3912375605836207,
    3.3219053672284495,
    3.3020796143278783,
    3.2872780074878616,
    3.275773510640981,
    3.274245339996961,
    3.2615656122869376,
    3.2603258697354063,
    3.2428819062758465,
    3.24288949187921,
    3.2333605678714052,
    3.2234090542306704,
    3.220270558279388,
    3.218419517789568,
    3.2083441846224727,
    3.1904411486216953,
    3.191061477271878,
    3.181616515529399,
    3.1779902297623304,
    3.1732772953656254,
    3.1635491434408696,
    3.158313403324205,
    3.1557921852384294,
    3.144331236274875,
    3.1459373503315207,
    3.122613950651519,
    3.1156895939184697,
    3.1126974310193742,
    3.113039413276984,
    3.102981372755401,
    3.0844566311155046,
    3.0765578965751494,
    3.070782936349207,
    3.0715422654638487,
    3.056185600708942,
    3.061977838983341,
    3.0524320772715976,
    3.0459640050420957,
    3.029673600683407,
    3.035604695884549,
    3.0250620258097745,
    3.0198289423572775,
    3.0171533093160514,
    3.0190152343438594,
    3.0169884282715467,
    3.0084320258121102,
    3.0080271302437294,
    3.0138926068130805,
    3.011119713588637,
    3.0061635776441924
  ],
  "val_loss": [
    3.3418767584694757,
    3.3212199211120605,
    3.29384528266059,
    3.2779355578952365,
    3.2747911877102323,
    3.2896539900037975,
    3.236119270324707,
    3.242738895946079,
    3.2573021385404797,
    3.290144536230299,
    3.234001292122735,
    3.213586277431912,
    3.22926484213935,
    3.2053213119506836,
    3.2058322694566517,
    3.202333516544766,
    3.2012813886006675,
    3.1689400143093533,
    3.2023923529518976,
    3.1980712281333075,
    3.1682826810412936,
    3.17890563276079,
    3.1719749901029797,
    3.1822687255011664,
    3.170566850238376,
    3.17207317882114,
    3.1414944065941706,
    3.1629791259765625,
    3.161795218785604,
    3.138914850023058,
    3.143404006958008,
    3.1413559118906655,
    3.1020493374930487,
    3.116641044616699,
    3.10572177833981,
    3.1117909484439426,
    3.1216778887642755,
    3.097782161500719,
    3.106854730182224,
    3.098307145966424,
    3.065466562906901,
    3.091566973262363,
    3.1110507912105985,
    3.114463461769952,
    3.107028365135193,
    3.0858689811494617,
    3.1026611195670233,
    3.075366881158617,
    3.0736760165956287,
    3.120564089881049
  ],
  "train_l_iq": [
    2.3879781547857792,
    2.3665503701385187,
    2.3565065422836615,
    2.344434236993595,
    2.341007716801702,
    2.339087021594145,
    2.333534140976108,
    2.3383268969399587,
    2.3248341667408847,
    2.3276409859559974,
    2.318022990713314,
    2.3150558228395424,
    2.3114469927184436,
    2.312575858466479,
    2.308464150039517,
    2.2918250244490954,
    2.2944896926685256,
    2.290027701124853,
    2.289596903080843,
    2.2826761858803883,
    2.2771274119007345,
    2.2759166420722496,
    2.2759165094823253,
    2.2652984127706413,
    2.2692492519106184,
    2.2531430137400723,
    2.251716436172018,
    2.2486833187998556,
    2.2470887072232304,
    2.2419216316573474,
    2.2286530416838977,
    2.22900491831254,
    2.2238050650577157,
    2.222941121276544,
    2.2140447959607963,
    2.2171148499663995,
    2.211355900277897,
    2.2084265363459683,
    2.194918668999964,
    2.203909294945853,
    2.195925627435957,
    2.1882901082233506,
    2.193582602909633,
    2.1921956125570805,
    2.1897420177654343,
    2.1842435817329253,
    2.18339618858026,
    2.1866076466988544,
    2.1862110021163006,
    2.1831588404519215
  ],
  "train_l_mag": [
    1.0596845581823466,
    0.9792220148504996,
    0.9662947131662952,
    0.9645911357840713,
    0.9502864498264936,
    0.9519248495296556,
    0.9415512863470583,
    0.9329555928707123,
    0.9286920300551823,
    0.9244754746252176,
    0.9273882563016853,
    0.9160467118633037,
    0.9190462067419168,
    0.9145635737448322,
    0.9077637785551499,
    0.9083553297179086,
    0.9039369328897826,
    0.8969758913225058,
    0.8916651229469144,
    0.8976753098624093,
    0.8901953545151925,
    0.8864058231820866,
    0.8833945770652927,
    0.8849407288492942,
    0.8801814865092842,
    0.8731148249032546,
    0.8618147859767992,
    0.8650550957845182,
    0.8701855832216691,
    0.8627302360777952,
    0.8586464968262887,
    0.8425443142044301,
    0.8450334911443749,
    0.8494386654727313,
    0.840798160251306,
    0.844611723812259,
    0.839408561891439,
    0.8336931515713127,
    0.833467958533034,
    0.8282226482216193,
    0.8232887350783056,
    0.8312531934708965,
    0.8156959323250518,
    0.8221759096700318,
    0.825115408216204,
    0.8175271506212196,
    0.8199124549116407,
    0.8276433737910524,
    0.821075724703925,
    0.8205560603920294
  ],
  "train_l_phase": [
    0.9468342692268138,
    0.9314879452695652,
    0.9248514503848796,
    0.9210963906074057,
    0.9192451451505933,
    0.91839179092524,
    0.9145116435021771,
    0.9110423521119722,
    0.9074034040071526,
    0.906021528098048,
    0.9032868858502836,
    0.9006597624749554,
    0.8986009243799715,
    0.8971237382110284,
    0.8919963039913956,
    0.8888769186272913,
    0.8892066290183943,
    0.8862017265387944,
    0.8851215279832179,
    0.8835269182312245,
    0.8826481024829709,
    0.8783877437212029,
    0.8763568121559766,
    0.8731249309315974,
    0.8731947243213654,
    0.8658270738562759,
    0.8661315495870552,
    0.8629731633225266,
    0.8617158453075253,
    0.8593892582825252,
    0.8529606802122933,
    0.8525616672574258,
    0.848922249613976,
    0.8477636283757736,
    0.8434834638420416,
    0.8451143047031091,
    0.8427437987862801,
    0.8413817846045202,
    0.8360419236883825,
    0.835168150614719,
    0.8349840981619698,
    0.8318244717559036,
    0.8314454774467313,
    0.8314633594483746,
    0.8293774255684444,
    0.8308497892350567,
    0.8293494904527858,
    0.8269265233253946,
    0.8287417426401255,
    0.8254534127760906
  ],
  "val_l_iq": [
    2.3875007232030234,
    2.3655484914779663,
    2.3530669742160373,
    2.340595112906562,
    2.338220821486579,
    2.3611596822738647,
    2.3202716641955905,
    2.3269543912675648,
    2.340292970339457,
    2.3585390514797635,
    2.3289505773120456,
    2.3105378680759006,
    2.332745763990614,
    2.3363352881537542,
    2.3179570171568127,
    2.308560954199897,
    2.3059917953279285,
    2.259857906235589,
    2.314219315846761,
    2.303055418862237,
    2.29148883289761,
    2.274670216772291,
    2.28841053114997,
    2.2813090483347573,
    2.3031324280632868,
    2.310392697652181,
    2.276982890235053,
    2.287007835176256,
    2.291041122542487,
    2.273269613583883,
    2.2861023479037814,
    2.275301535924276,
    2.2315272755093045,
    2.264705777168274,
    2.2542981704076133,
    2.270429664187961,
    2.273694078127543,
    2.24876692559984,
    2.27289617061615,
    2.2577050262027316,
    2.2350356578826904,
    2.265209025806851,
    2.2655899922053018,
    2.2714879512786865,
    2.262537373436822,
    2.249277631441752,
    2.2644741402732,
    2.2427132527033486,
    2.2424760924445257,
    2.2777690490086875
  ],